ze_8bit_csgo2_fix,
ze_30_seconds__b21_p2,
ze_666_crazy_escape_v1_1,
ze_2012_p3,
ze_A_E_S_T_H_E_T_I_C_v1_1,
ze_abandoned_industry_va2,
ze_abandoned_project_v1_2_csgo,
ze_alien_shooter_gp1_3,
ze_Ancient_wrath_r4,
ze_ApertureScience_p2,
ze_Apollo_p2,
ze_aragami_v1_1,
ze_arctic_escape_p2,
ze_artika_base_v1_2,
ze_ashen_keep_p,
ze_assassins_creed_csgo,
ze_astral_v2_1_fix,
ze_atix_apocalypse_p3,
ze_atix_panic_v1,
ze_atos_v2,
ze_aztec_temple_p,
ze_barrage_p2,
ze_Bathroom_v2_5,
ze_best_korea_v1,
ze_biohazard2_rpd_004_p3_fix2,
ze_biohazard2_sewer_r2_004,
ze_biohazard3_nemesis_b5_2,
ze_biohazard_manor_004_p4,
ze_bioshock_v6_2_csgo7,
ze_blackmesa_remix_p2,
ze_blue_zenith_v0_2,
ze_boacceho_p4,
ze_boredom_p,
ze_Breakable_p3,
ze_castlevania_64_v1_3_b5_go,
ze_castlevania_p1_7,
ze_chaos_v7_4f,
ze_check_b1_1,
ze_chemical_weapons_depot_v3_1,
ze_chicken_ranch_v2_2,
ze_christmas_infection_p2,
ze_chroma_v0_4_csgo5,
ze_chronus_a1,
ze_colorlicouspilar_p4,
ze_colors_p3,
ze_crashbandicoot_p3,
ze_crazy_escape_v5_5_1,
ze_crazykart_v4,
ze_crypt_v1_4,
ze_crystal_escape_v2_final,
ze_cursed_ruins_gf1_1,
ze_CV_LOSII_Castle_Siege_b4,
ze_cyberderp_p3,
ze_dangerous_waters_v2_Final,
ze_dark_souls_ptd_v0_4_csgo7,
ze_deadcore_v1_3,
ze_death_star_escape_v4_3_p2,
ze_death_wish_gf1_1,
ze_deepice_p3,
ze_defense3002,
ze_desert_fox_v7_6f,
ze_Desperate_Soul_a4,
ze_destruction_of_exorath_v4_lite,
ze_dev_r4a_csgo3,
ze_diddle_v3,
ze_doom_p2,
ze_dreamin_v2_9,
ze_easy_escape_v4,
ze_eden_a3,
ze_egyptian_b5,
ze_einstein_v7,
ze_Ep2_Plant_b1,
ze_epic_escape_v2_1,
ze_escape_horizon_p3,
ze_eternal_grove_v3,
ze_eternal_journey_go_v1_4,
ze_evernight_a3_4,
ze_evil_mansion_v1_finalf,
ze_fapescape_p5,
ze_fapescape_rote_v1_3,
ze_ffvi_oblivion_castle_v1_9,
ze_ffvii_cosmo_canyon_v5k_fix,
ze_FFVII_Mako_Reactor_v5_3_v5,
ze_FFVII_Mako_Reactor_V6_b09k2,
ze_ffvii_malgo_reactor_v7_5,
ze_ffvii_temple_ancient_v4_3,
ze_FFXII_Paramina_Rift_r3,
ze_ffxii_ridorana_cataract_t5_3_w6,
ze_FFXII_Westersand_v7_z9,
ze_ffxii_westersand_v8zeta1_b5k,
ze_ffxiv_wanderers_palace_v2_va2,
ze_ffxiv_wanderers_palace_v4_va2,
ze_FFXIV_Wanderers_Palace_v5_2,
ze_FFXIV_Wanderers_Palace_v6,
ze_firewall_laboratory_part1_p2,
ze_firewall_laboratory_part2_p2,
ze_floating_rocks_survival_csgo_v3,
ze_flying_world_p,
ze_forest_r_a0_8,
ze_FORiUS_just_RUN_p2,
ze_forsaken_temple_v3_b5,
ze_frostdrake_tower_v1,
ze_frozentemple_rc1_1,
ze_games_v2_1,
ze_gameshow_v1_2_csgo1,
ze_gods_wrath_p2,
ze_got_the_north_csgo,
ze_grau_a03_4f,
ze_greencity_fix,
ze_gris_v1_13,
ze_halloween_house_b4,
ze_halo_p3,
ze_halo_poa_p4,
ze_haunted_lab_escape_p3,
ze_hazard_escape_p2,
ze_Hell_Escape_p2,
ze_hidden_temple_v2_5,
ze_highest_to_lowest_v1_1,
ze_hold_em_v8,
ze_horizon_sky_escape_v2,
ze_hsc_a4_q3,
ze_hypernova_p2,
ze_iamlegend_p3,
ze_icecap_escape_v5_p,
ze_illya_b4_csgo_a3,
ze_inboxed_final_fix,
ze_indiana_jones_v4a_004_p4,
ze_infected_sewers_csgo,
ze_infested-industry_p2,
ze_infiltration_final_r1,
ze_insanitycity_va2,
ze_insensible_sr8gm6yj12hs7_RG_v9_6,
ze_interception_p2,
ze_isla_nublar_p3,
ze_Island_Escape_p3,
ze_ismellmagicintheair_wg7tw9vm1io1bu7_v3,
ze_italy_town_p2,
ze_jerry_malaka_escape_v2fix,
ze_jjba_v5f,
ze_johnny_nukem_b8_1_csgo4,
ze_journey_p4,
ze_JurassicPark_Escape_p2,
ze_jurassicpark_evolved_v4,
ze_kaffe_escape_v2,
ze_Kitchen_v2,
ze_Knightmare_v1_1,
ze_komatsu_v3,
ze_kororinpa_v2_2,
ze_kraznov_poopata_p2,
ze_l0v0l_v1_4_csgo2,
ze_legoland_crackheads_p2,
ze_lemonysnickets_p2,
ze_licciana_escape_zrgbr_b3,
ze_light_v7_csgo3_tk11_f,
ze_lightnight_v1_4fix_hdr,
ze_lila_panic_escape_v3_3,
ze_lolxd_final_fix_iswear_v3,
ze_lotr_helms_deep_v5_p6,
ze_lotr_isengard_csgo1,
ze_LOTR_Minas_Tiret_p2,
ze_lotr_minas_tirith_p5,
ze_lotr_mines_of_moria_p2,
ze_LOTR_Mirkwood_v2_5,
ze_LOTR_Mount_Doom_p3,
ze_luciddreams_v8,
ze_luck_matters_v3_1,
ze_Lucy_Escape_v1,
ze_LuigisMansion_p3,
ze_m_the_final_v1_4,
ze_magala_castle_final,
ze_magic_carpet_p2,
ze_mario_tower_v4_p2,
ze_mars_escape_gp1,
ze_meatropolis_p2,
ze_military_escape_p4,
ze_MindTree_v1_6,
ze_minecraft_adventure_v1_3d,
ze_minecraft_universe_v1_4,
ze_minecraft_v1_1_p3,
ze_Mirrors_Edge_Reborn_p3,
ze_misaka2_v1_3,
ze_misaka_v1f,
ze_mist_q3,
ze_mojos_minigames_v1_4_1,
ze_moltentemple_p1t2_csgo,
ze_monochrome_v1f,
ze_moon_base_p3,
ze_mytex_escape_v3_p,
ze_namviet_gf1_1,
ze_Naruto_p,
ze_Natural_v1_4,
ze_necromanteion_v3_1,
ze_negative_legacy_va2,
ze_new_crazy_escape_v4_1,
ze_new_panic_escape_csgo_a3t,
ze_no_title_v1_3,
ze_noir_p1,
ze_nora_v1_8,
ze_nostromo_escape_p2,
ze_notredame_p4,
ze_NY_marathon_p2,
ze_ocean_base_escape_p2,
ze_omen_090,
ze_onahole_v3_3_3,
ze_otakuroom_v5_6f3,
ze_outbreak_v2_1_p,
ze_palace_adventure_v1_2,
ze_pallaroid_rage_v1,
ze_pandora_revolutionz_hdr2,
ze_panic_escape_v3_2_e5_hdr,
ze_paper_escaper_p7,
ze_Paranoid_Rezurrection_v11_9_ps17,
ze_Parking_p4,
ze_pd2_crime_art_v2,
ze_Pidaras_va2,
ze_Pirates_Port_Royal_v5_6,
ze_pizzatime_v9,
ze_pkmn_adventure_v9_3,
ze_platformer_b6,
ze_Pokemon_Rivals_v1_8,
ze_polatrio_v1_1_hdr,
ze_PoR_island_p3,
ze_Portal_Story_p2,
ze_PotC_IV_p3,
ze_predator_ultimate_p7,
ze_project_alcaria_x2,
ze_prototype_p2,
ze_puta_p3,
ze_R_W_B_ulti,
ze_rabanastre_royal_t4,
ze_raccoon_facility_v6b_p,
ze_rain1_v8x,
ze_ramp_a1_1,
ze_Random_p2,
ze_rats_escape_final,
ze_re_creation_v2_25,
ze_reconnoiter_b5,
ze_reloaded_v1_ez2,
ze_resonance_cascade_p3,
ze_rev_a6_3,
ze_rizomata_va2,
ze_rollermine_factory_2010_p,
ze_roof_adventure_v8f,
ze_rooftop_reborn_v3_2_p3,
ze_RTCW_Ominous_Rumors_p4,
ze_ruin_of_black_stone_c1,
ze_rush_b_v2_2,
ze_S_A_M_v1_7,
ze_sakuzyo_b2,
ze_sandstorm_go_v1_5,
ze_santassination_v3,
ze_saw_p3,
ze_Serpentis_Temple_p2,
ze_sewage_processing_v8,
ze_sewer_escape_p3,
ze_sewer_v2,
ze_showdown_v4_1_p,
ze_shroomforest2_p6,
ze_shroomforest3_p,
ze_shroomforest_p6,
ze_Siberia_1990_v1_2c_p5,
ze_sit_caelum_paradisus_b7_hdr,
ze_skill_escape_v09,
ze_sky_athletic_adv_v9_13,
ze_sky_fantasy_v1_4,
ze_skyscraper_city_csgo1,
ze_slender_escape_rc2,
ze_snowescape_gp1,
ze_space_flight_p3,
ze_sst2_p,
ze_sst_b2_1_p5,
ze_stalker_ultimate_v4_9,
ze_stalkermonolit_v8gofix1,
ze_stargate_escape_v8_p2,
$ze_starwars_v2fix_csgo3,
ze_suchirifu_v3_h,
ze_SUMAI_facility_v1a,
ze_sunkentemple_v3_1,
ze_sunlight_p2,
ze_surf_dark_fantasy_v2go2,
ze_surf_facility_p4,
ze_surf_froyo_lite_v2_4,
ze_surf_gypt_v1_3_1f,
ze_surf_sahok_p3,
ze_surf_vortex_v2_6,
ze_survivors_p2,
ze_temple_escape_va3,
ze_temple_of_the_demon_god_v2,
ze_temple_raider_b4_ps6,
$ze_tesv_skyrim_v5_6,
ze_texturescape_p2,
ze_the_curse_of_blackwater_v5b,
ze_the_last_chapter_v1_5,
ze_thelostworld_redux_p2,
ze_thousand_steps_gf1_2,
ze_three_eyes_v1_1,
ze_thriller_escape_p,
ze_tilex_ultimate_v2_13f,
ze_timesplitters_p2,
ze_titanic_escape_p2,
ze_tkara_v4_3,
ze_tloz_stone_tower_temple_v1_4e,
ze_toaster_p3,
ze_Totemo_Roka_v1,
ze_touhou_gensokyo_o4,
ze_traak_b2,
ze_trainescape_final_p2,
ze_trials_v3,
ze_tropico_escape_gf1_1,
ze_TV_station_r4,
ze_tyranny2_v1_csgo2,
ze_tyranny_v5_2k3,
ze_underground_escape_p,
ze_underground_station_v3,
ze_undersea_temple_a2,
ze_undertale_g_v1_3_fix1,
ze_unknown_underground_a2_8_2,
ze_UT2004_Convoy_r5,
ze_v0u0v_a6_csgo1,
ze_valkvang_v1_2,
ze_vietnam_p3,
ze_volcano_escape_p2,
ze_voodoo_islands_p5,